no,title,average,inst,hall_of_fame,debut,date,initial,r2005,r2006#1,r2006#2,r2007,r2008,r2009,r2010,r2011,r2012,r2013,r2014,r2015,r2016,r2017,r2018,r2019u,r2019,remarks
1,桜の花は狂い咲き,121.462,False,False,SOME GIRLS -REBEL STREEL IV,1997-04-25,r2005,,,,86.0,126.0,116.0,109.0,96.0,123.0,68.0,169.0,165.0,100.0,134.0,164.0,64.0,123.0,
2,青蛾月,80.923,False,False,幻想庭園,1988-01-25,r2005,,,,84.0,77.0,73.0,82.0,72.0,57.0,54.0,87.0,81.0,59.0,146.0,126.0,22.0,54.0,
3,マリーゴールド・ガーデン,171.769,False,False,幻想庭園,1988-01-25,r2005,,,,141.0,162.0,142.0,150.0,175.0,141.0,218.0,141.0,238.0,190.0,155.0,164.0,128.0,216.0,
4,鏡面界 im Juni,201.077,False,False,幻想庭園,1988-01-25,r2005,,,,165.0,185.0,181.0,171.0,204.0,131.0,174.0,194.0,253.0,244.0,202.0,250.0,150.0,260.0,
5,アンジェ・ノワールの祭戯,125.615,False,False,幻想庭園,1988-01-25,r2005,,,,109.0,131.0,111.0,93.0,81.0,96.0,150.0,106.0,156.0,244.0,187.0,63.0,,106.0,
6,紅い睡蓮の午後,188.769,False,False,幻想庭園,1988-01-25,r2005,,,,144.0,176.0,153.0,164.0,188.0,204.0,136.0,190.0,183.0,244.0,237.0,209.0,152.0,226.0,
7,少女忌恋歌,166.846,False,False,幻想庭園,1988-01-25,r2005,,,,144.0,109.0,132.0,179.0,204.0,160.0,218.0,204.0,130.0,130.0,146.0,221.0,100.0,192.0,
8,パラソルのある風景,178.769,False,False,幻想庭園,1988-01-25,r2005,,,,187.0,167.0,178.0,179.0,175.0,160.0,168.0,156.0,200.0,189.0,130.0,175.0,109.0,260.0,
9,硝子天井のうちゅう,144.923,False,False,幻想庭園,1988-01-25,r2005,,,,153.0,109.0,148.0,118.0,113.0,144.0,136.0,204.0,158.0,174.0,213.0,56.0,,158.0,
10,幻想庭園,139.385,False,False,幻想庭園,1988-01-25,r2005,,,,106.0,131.0,164.0,140.0,135.0,185.0,127.0,111.0,130.0,128.0,176.0,154.0,65.0,125.0,
11,Poupeé Frou Frou,204.833,True,False,幻想庭園,1988-01-25,r2005,,,,187.0,208.0,202.0,192.0,223.0,217.0,,,,,,,,,
12,フラワーチャイルド,207.538,False,False,フラワーチャイルド,1988-07-25,r2005,,,,187.0,197.0,221.0,214.0,223.0,217.0,133.0,156.0,253.0,244.0,237.0,156.0,165.0,260.0,
13,恋せよ乙女 -Love story of ZIPANG-,86.214,False,False,恋せよ乙女 -Love story of ZIPANG-,1992-07-07,r2005,,13.0,,36.0,48.0,58.0,74.0,87.0,71.0,123.0,76.0,93.0,225.0,113.0,58.0,,132.0,
14,共月亭で逢いましょう,41.500,False,False,恋せよ乙女 -Love story of ZIPANG-,1992-07-07,r2005,13.0,,,38.0,49.0,55.0,58.0,44.0,49.0,50.0,54.0,31.0,52.0,20.0,24.0,,44.0,
15,メガロポリス・アリス -MEGALOPOLIS ALICE-,130.538,False,False,月下の一群,1992-12-09,r2005,,,,49.0,59.0,72.0,128.0,158.0,89.0,129.0,156.0,150.0,201.0,219.0,209.0,45.0,78.0,
16,ビアンカ,135.231,False,False,月下の一群,1992-12-09,r2005,,,,64.0,82.0,139.0,150.0,135.0,113.0,101.0,117.0,204.0,160.0,139.0,221.0,35.0,133.0,
17,薔薇色翠星歌劇団,87.000,False,False,月下の一群,1992-12-09,r2005,,,,88.0,107.0,94.0,74.0,143.0,87.0,102.0,131.0,34.0,122.0,54.0,43.0,,52.0,
18,マダム・ノワール -Madame Noir,90.286,False,False,月下の一群,1992-12-09,r2005,19.0,,,94.0,86.0,87.0,93.0,131.0,106.0,105.0,25.0,114.0,104.0,121.0,110.0,9.0,69.0,
19,空宙舞踏会,179.615,False,False,月下の一群,1992-12-09,r2005,,,,136.0,154.0,137.0,140.0,175.0,217.0,218.0,173.0,253.0,244.0,155.0,186.0,136.0,147.0,
20,木洩れ陽のワルツ,209.769,False,False,月下の一群,1992-12-09,r2005,,,,168.0,171.0,183.0,192.0,223.0,217.0,218.0,223.0,213.0,190.0,219.0,250.0,131.0,260.0,
21,堕ちて候,149.000,False,False,月下の一群,1992-12-09,r2005,,,,101.0,100.0,77.0,89.0,109.0,136.0,129.0,223.0,200.0,180.0,202.0,200.0,121.0,191.0,
22,月光浴,181.462,False,False,月下の一群,1992-12-09,r2005,,,,187.0,161.0,176.0,171.0,175.0,119.0,168.0,223.0,162.0,201.0,187.0,250.0,179.0,179.0,
23,楽園喪失 -Paradise Lost-,192.000,False,False,月下の一群,1992-12-09,r2005,,,,117.0,145.0,134.0,179.0,158.0,147.0,196.0,204.0,243.0,244.0,219.0,250.0,128.0,260.0,
24,嵐ヶ丘,31.188,False,False,嵐ヶ丘,1993-06-09,r2005,15.0,2.0,13.0,19.0,30.0,34.0,52.0,51.0,49.0,18.0,38.0,35.0,29.0,32.0,53.0,,29.0,
25,舞踏会の手帖,180.154,False,False,嵐ヶ丘,1993-06-09,r2005,,,,92.0,137.0,174.0,171.0,223.0,153.0,196.0,223.0,198.0,180.0,219.0,184.0,112.0,192.0,
26,ヴェネツィアン・ラプソディー,53.786,False,False,ヴェネツィアン・ラプソディー,1994-01-19,r2005,,15.0,,35.0,54.0,49.0,118.0,111.0,63.0,33.0,46.0,16.0,18.0,63.0,41.0,,91.0,
27,エスカルゴ嬉遊曲,160.769,False,False,ヴェネツィアン・ラプソディー,1994-01-19,r2005,,,,56.0,66.0,91.0,109.0,155.0,194.0,161.0,188.0,215.0,216.0,213.0,200.0,76.0,226.0,
28,サロメティック・ルナティック,113.923,False,False,DALI,1994-02-16,r2005,,,,63.0,102.0,68.0,125.0,169.0,190.0,166.0,95.0,126.0,79.0,127.0,62.0,,109.0,
29,雪のひとひら,153.769,False,False,DALI,1994-02-16,r2005,,,,87.0,162.0,127.0,109.0,188.0,118.0,166.0,204.0,143.0,244.0,118.0,192.0,115.0,141.0,
30,ダリの宝石店,140.154,False,False,DALI,1994-02-16,r2005,,,,99.0,124.0,113.0,179.0,211.0,114.0,141.0,204.0,183.0,106.0,121.0,68.0,,159.0,
31,Virtual Fantasy,191.154,False,False,DALI,1994-02-16,r2005,,,,164.0,120.0,166.0,179.0,173.0,171.0,218.0,204.0,220.0,190.0,199.0,221.0,148.0,260.0,
32,小夜啼鳥,207.154,False,False,DALI,1994-02-16,r2005,,,,187.0,208.0,215.0,179.0,211.0,190.0,218.0,129.0,209.0,244.0,237.0,250.0,174.0,216.0,
33,星降る夜の天文学 ～BEDSIDE ASTRONOMY～,143.385,False,False,DALI,1994-02-16,r2005,,,,141.0,122.0,152.0,104.0,158.0,92.0,115.0,102.0,220.0,86.0,237.0,221.0,124.0,114.0,
34,月光の橋,198.833,True,False,DALI,1994-02-16,r2005,,,,187.0,197.0,226.0,214.0,175.0,194.0,,,,,,,,,
35,オフェリア遺文,119.000,False,False,DALI,1994-02-16,r2005,,,,124.0,79.0,99.0,104.0,103.0,124.0,91.0,126.0,113.0,111.0,187.0,169.0,33.0,117.0,
36,雨のソナタ ～La Pluie～,99.857,False,False,雨のソナタ ～La Pluie～,1995-10-18,r2005,16.0,,,105.0,113.0,98.0,128.0,103.0,124.0,196.0,136.0,74.0,79.0,67.0,72.0,,87.0,
37,Nous Deux C'est Pour La Vie,115.143,False,False,雨のソナタ ～La Pluie～,1995-10-18,r2005,,17.0,,44.0,65.0,80.0,118.0,117.0,107.0,95.0,136.0,136.0,186.0,151.0,181.0,75.0,179.0,
38,冬物語,143.615,False,False,星と月のソナタ,1995-12-06,r2005,,,,135.0,128.0,135.0,155.0,158.0,150.0,155.0,130.0,200.0,84.0,108.0,103.0,86.0,226.0,
39,彼と彼女の聖夜,119.462,False,False,星と月のソナタ,1995-12-06,r2005,,,,130.0,133.0,168.0,164.0,97.0,151.0,122.0,134.0,112.0,51.0,70.0,68.0,,153.0,
40,ストロベリーパイをお食べ,113.846,False,False,緑山高校甲子園編 オリジナルサウンドトラック盤,1995-12-06,r2005,,,,68.0,63.0,74.0,81.0,89.0,127.0,82.0,150.0,115.0,136.0,118.0,151.0,63.0,226.0,
41,星月夜 ～ルシファー第四楽章～,64.308,False,False,星月夜 ～ルシファー第四楽章～,1996-08-01,r2005,,,,89.0,104.0,95.0,65.0,76.0,88.0,25.0,43.0,45.0,67.0,44.0,59.0,,36.0,
42,Only Love Song,179.615,False,False,星月夜 ～ルシファー第四楽章～,1996-08-01,r2005,,,,187.0,129.0,185.0,150.0,158.0,217.0,189.0,147.0,200.0,201.0,202.0,200.0,135.0,170.0,
43,Wish,118.231,False,False,Wish,1996-12-24,r2005,,,,53.0,71.0,81.0,72.0,86.0,127.0,48.0,190.0,143.0,174.0,176.0,142.0,27.0,174.0,
44,夢のあとに ～après un rêve～,207.923,False,False,Wish,1996-12-24,r2005,,,,168.0,199.0,198.0,164.0,211.0,217.0,188.0,223.0,253.0,225.0,176.0,221.0,162.0,260.0,
45,エンジェル・エッグの作り方,193.692,False,False,music tracks from Wish,1997-02-05,r2005,,,,150.0,189.0,177.0,192.0,147.0,173.0,196.0,223.0,143.0,244.0,174.0,250.0,132.0,260.0,
46,Chu Chu,220.385,False,False,music tracks from Wish,1997-02-05,r2005,,,,136.0,164.0,226.0,214.0,223.0,217.0,218.0,223.0,253.0,244.0,237.0,250.0,150.0,260.0,
47,Sanctuary,227.000,False,False,music tracks from Wish,1997-02-05,r2005,,,,187.0,199.0,226.0,214.0,223.0,217.0,218.0,223.0,253.0,244.0,237.0,250.0,181.0,260.0,
48,ピアニィ・ピンク,125.154,False,False,ピアニィ・ピンク,1997-05-21,r2005,,,,50.0,91.0,89.0,125.0,92.0,124.0,218.0,113.0,166.0,201.0,167.0,115.0,49.0,76.0,
49,月夜のピエレット,139.308,False,False,ピアニィ・ピンク,1997-05-21,r2005,,,,94.0,172.0,107.0,104.0,92.0,68.0,218.0,169.0,132.0,145.0,130.0,164.0,82.0,216.0,
50,Water Drop,214.231,False,False,CLAMP学園探偵団 O.S.T 1,1997-06-21,r2005,,,,154.0,189.0,198.0,214.0,223.0,217.0,196.0,223.0,238.0,186.0,237.0,250.0,194.0,260.0,
51,ぶくぶく空が…,216.923,False,False,CLAMP学園探偵団 O.S.T 2,1997-10-22,r2005,,,,187.0,199.0,208.0,179.0,223.0,173.0,218.0,223.0,253.0,244.0,237.0,250.0,194.0,226.0,
52,カフェテラスでお茶をどうぞ,169.231,False,False,CLAMP学園探偵団 O.S.T 2,1997-10-22,r2005,,,,85.0,93.0,151.0,155.0,211.0,143.0,112.0,204.0,204.0,190.0,237.0,250.0,93.0,165.0,
53,L'eternite,217.231,False,False,CLAMP学園探偵団 O.S.T 2,1997-10-22,r2005,,,,187.0,212.0,226.0,192.0,198.0,217.0,218.0,194.0,253.0,180.0,237.0,250.0,179.0,260.0,
54,愛だけじゃない,191.462,False,False,CLAMP学園探偵団 O.S.T 2,1997-10-22,r2005,,,,147.0,164.0,164.0,179.0,211.0,217.0,180.0,194.0,209.0,214.0,202.0,192.0,159.0,216.0,
55,日曜日のシエスタ,190.462,False,False,CLAMP学園探偵団 Vocal Collection,1997-12-17,r2005,,,,129.0,208.0,179.0,171.0,169.0,139.0,218.0,164.0,142.0,244.0,237.0,250.0,159.0,226.0,
56,Cheri Cheri,197.000,False,False,CLAMP学園探偵団 Vocal Collection,1997-12-17,r2005,,,,165.0,167.0,166.0,155.0,223.0,217.0,218.0,194.0,204.0,244.0,237.0,192.0,177.0,179.0,
57,Anniversary of Angel,138.231,False,False,Anniversary of Angel,1997-12-17,r2005,,,,54.0,99.0,97.0,98.0,147.0,140.0,117.0,156.0,179.0,167.0,82.0,250.0,83.0,211.0,
58,天使に寄す,194.615,False,False,Anniversary of Angel,1997-12-17,r2005,,,,119.0,170.0,179.0,179.0,211.0,217.0,196.0,164.0,253.0,156.0,176.0,250.0,167.0,260.0,
59,LABYRINTH,119.538,False,False,LABYRINTH,1998-10-21,r2005,,,,59.0,142.0,83.0,171.0,111.0,141.0,74.0,173.0,132.0,131.0,109.0,73.0,,155.0,
60,金いろのひつじ,105.462,False,False,LABYRINTH,1998-10-21,r2005,,,,79.0,95.0,82.0,102.0,123.0,70.0,103.0,90.0,87.0,125.0,169.0,150.0,61.0,96.0,
61,Noblerot I,,True,False,Noblerot,1998-11-21,r2005,,,,,,,,,,,,,,,,,,
62,Halation,170.308,False,False,Noblerot,1998-11-21,r2005,,,,106.0,150.0,123.0,192.0,188.0,204.0,136.0,99.0,253.0,225.0,187.0,221.0,184.0,130.0,
63,乙女の祈り,105.385,False,False,Noblerot,1998-11-21,r2005,,,,57.0,58.0,52.0,85.0,103.0,110.0,92.0,190.0,98.0,128.0,187.0,136.0,24.0,74.0,
64,Rose Moon,93.231,False,False,Noblerot,1998-11-21,r2005,,,,72.0,78.0,102.0,85.0,92.0,77.0,71.0,121.0,162.0,86.0,51.0,133.0,16.0,82.0,
65,堕落論,160.077,False,False,Noblerot,1998-11-21,r2005,,,,74.0,105.0,108.0,125.0,97.0,180.0,196.0,194.0,124.0,190.0,237.0,250.0,96.0,201.0,
66,ナルシス・ノワール,44.357,False,False,Noblerot,1998-11-21,r2005,12.0,,,21.0,37.0,38.0,50.0,60.0,35.0,43.0,104.0,68.0,38.0,52.0,32.0,,31.0,
67,Noblerot II,,True,False,Noblerot,1998-11-21,r2005,,,,,,,,,,,,,,,,,,
68,deep forest,217.154,False,False,Noblerot,1998-11-21,r2005,,,,154.0,199.0,226.0,214.0,223.0,194.0,196.0,173.0,253.0,244.0,237.0,250.0,169.0,260.0,
69,LOST CHILD,208.846,False,False,Noblerot,1998-11-21,r2005,,,,158.0,159.0,202.0,171.0,158.0,204.0,196.0,223.0,253.0,244.0,237.0,250.0,194.0,260.0,
70,月光夜,96.462,False,False,Noblerot,1998-11-21,r2005,,,,125.0,154.0,110.0,109.0,97.0,45.0,75.0,84.0,72.0,81.0,99.0,102.0,38.0,101.0,
71,Chaconne,,True,False,Alipro-Mania,1999-12-24,r2005,,,,,,,,,,,,,,,,,,
72,コッペリアの柩,43.000,False,False,Alipro-Mania,1999-12-24,r2005,7.0,17.0,17.0,22.0,43.0,39.0,45.0,66.0,30.0,37.0,64.0,38.0,58.0,85.0,78.0,,42.0,
73,Babylon Café ～novellette,,True,False,Alipro-Mania,1999-12-24,r2005,,,,,,,,,,,,,,,,,,
74,ある夏の午後,,True,False,Alipro-Mania,1999-12-24,r2005,,,,,,,,,,,,,,,,,,
75,Sacrifice,173.538,False,False,jamais vu,2000-08-04,r2005,,,,96.0,105.0,101.0,135.0,175.0,176.0,189.0,180.0,172.0,180.0,237.0,250.0,148.0,260.0,
76,miserere,206.833,True,False,Aristocracy,2001-04-25,r2005,,,,154.0,212.0,221.0,214.0,223.0,217.0,,,,,,,,,
77,少女貴族,74.286,False,False,Aristocracy,2001-04-25,r2005,,16.0,,24.0,26.0,36.0,52.0,48.0,47.0,78.0,107.0,69.0,88.0,199.0,192.0,7.0,58.0,
78,病める薔薇,130.000,False,False,Aristocracy,2001-04-25,r2005,,,,76.0,112.0,126.0,155.0,175.0,119.0,65.0,139.0,192.0,153.0,77.0,124.0,44.0,177.0,
79,MALICE,160.385,False,False,Aristocracy,2001-04-25,r2005,,,,81.0,90.0,90.0,128.0,158.0,153.0,218.0,194.0,220.0,201.0,187.0,206.0,139.0,159.0,
80,à la cuisine,181.231,False,False,Aristocracy,2001-04-25,r2005,,,,116.0,158.0,172.0,155.0,143.0,217.0,180.0,204.0,231.0,174.0,159.0,221.0,156.0,226.0,
81,桂花葬,175.538,False,False,Aristocracy,2001-04-25,r2005,,,,103.0,145.0,159.0,128.0,175.0,122.0,120.0,223.0,243.0,244.0,219.0,200.0,98.0,201.0,
82,閉ざされた画室,107.692,False,False,Aristocracy,2001-04-25,r2005,,,,114.0,167.0,93.0,98.0,135.0,100.0,105.0,107.0,82.0,94.0,151.0,48.0,,106.0,
83,un tableau blanc ～絵画旅行～,186.923,False,False,Aristocracy,2001-04-25,r2005,,,,120.0,183.0,190.0,155.0,173.0,176.0,168.0,223.0,220.0,244.0,219.0,214.0,112.0,145.0,
84,闇の翼ですべてをつつむ夜のためのアリア,146.769,False,False,Aristocracy,2001-04-25,r2005,,,,136.0,101.0,161.0,128.0,198.0,116.0,136.0,91.0,183.0,190.0,151.0,192.0,72.0,125.0,
85,プラタナスの葉末に風は眠る,169.500,True,False,Aristocracy,2001-04-25,r2005,,,,134.0,189.0,195.0,164.0,175.0,160.0,,,,,,,,,
86,solemnis,,True,False,Aristocracy,2001-04-25,r2005,,,,,,,,,,,,,,,,,,
87,après le noir,132.231,False,False,コッペリアの柩,2001-05-23,r2005,,,,78.0,97.0,133.0,109.0,131.0,173.0,147.0,125.0,132.0,142.0,141.0,154.0,126.0,157.0,
88,妄想水族館,76.385,False,False,CLASSICS,2001-07-25,r2005,,,,65.0,51.0,65.0,74.0,59.0,103.0,73.0,92.0,103.0,14.0,82.0,120.0,8.0,92.0,
89,宵待草,182.077,False,False,CLASSICS,2001-07-25,r2005,,,,168.0,137.0,155.0,150.0,198.0,204.0,142.0,223.0,116.0,244.0,161.0,209.0,100.0,260.0,歌曲(竹久夢二/多忠亮) cover
90,RABBIT WAR,204.333,True,False,CLASSICS,2001-07-25,r2005,,,,187.0,199.0,208.0,192.0,223.0,217.0,,,,,,,,,
91,La vie en rose,216.308,False,False,CLASSICS,2001-07-25,r2005,,,,187.0,196.0,221.0,155.0,211.0,217.0,158.0,223.0,253.0,244.0,237.0,250.0,174.0,260.0,
92,赤と黒,51.200,False,False,blanc dans NOIR ～黒の中の白～,2001-11-07,r2005,8.0,12.0,,25.0,38.0,46.0,40.0,42.0,33.0,46.0,58.0,111.0,55.0,105.0,66.0,,83.0,
93,Erotic&Heretic,92.692,False,False,EROTIC & HERETIC,2002-07-24,r2005,,,,39.0,75.0,67.0,128.0,89.0,95.0,134.0,180.0,58.0,115.0,146.0,34.0,,45.0,
94,熱帯性植物園,113.462,False,False,EROTIC & HERETIC,2002-07-24,r2005,,,,51.0,70.0,115.0,109.0,135.0,100.0,158.0,132.0,80.0,74.0,176.0,175.0,26.0,100.0,
95,遊月恋歌,41.312,False,False,EROTIC & HERETIC,2002-07-24,r2005,13.0,14.0,20.0,26.0,39.0,43.0,60.0,28.0,18.0,39.0,70.0,62.0,37.0,33.0,110.0,2.0,49.0,
96,schism,100.846,False,False,EROTIC & HERETIC,2002-07-24,r2005,,,,46.0,74.0,71.0,104.0,97.0,104.0,93.0,76.0,189.0,115.0,59.0,57.0,,226.0,
97,Lolita in the garret,64.231,False,False,EROTIC & HERETIC,2002-07-24,r2005,,,,52.0,53.0,44.0,48.0,41.0,36.0,45.0,75.0,60.0,82.0,125.0,118.0,5.0,56.0,
98,時の森のソワレ,102.643,False,False,EROTIC & HERETIC,2002-07-24,r2005,17.0,,,66.0,88.0,86.0,85.0,84.0,94.0,123.0,109.0,106.0,138.0,146.0,136.0,27.0,159.0,
99,戦争と平和,14.688,False,False,EROTIC & HERETIC,2002-07-24,r2005,1.0,1.0,10.0,10.0,7.0,11.0,12.0,12.0,7.0,12.0,14.0,25.0,16.0,15.0,45.0,,37.0,
100,夢魔の夜、あなたを迎える者がある,191.615,False,False,EROTIC & HERETIC,2002-07-24,r2005,,,,140.0,127.0,157.0,140.0,169.0,160.0,218.0,203.0,243.0,216.0,237.0,221.0,141.0,260.0,
101,Arabesque Romanesque,106.500,True,False,EROTIC & HERETIC,2002-07-24,r2005,,,,118.0,67.0,106.0,109.0,158.0,81.0,,,,,,,,,
102,Nostalgia,136.231,False,False,EROTIC & HERETIC,2002-07-24,r2005,,,,151.0,145.0,114.0,135.0,128.0,134.0,110.0,142.0,172.0,131.0,199.0,133.0,91.0,77.0,
103,月光ソワレ,202.000,True,False,月光嗜好症,2003-04-23,r2005,,,,187.0,,215.0,,204.0,,,,,,,,,,
104,プラトニック,162.692,False,False,月光嗜好症,2003-04-23,r2005,,,,133.0,119.0,154.0,150.0,175.0,185.0,189.0,204.0,146.0,158.0,94.0,148.0,62.0,260.0,
105,月の中の少女,189.833,True,False,月光嗜好症,2003-04-23,r2005,,,,168.0,189.0,208.0,192.0,188.0,194.0,,,,,,,,,「Rose Moon」の原曲
106,Féliciter,204.846,False,False,月光嗜好症,2003-04-23,r2005,,,,168.0,174.0,215.0,179.0,223.0,185.0,218.0,223.0,238.0,244.0,202.0,202.0,181.0,192.0,
107,月蝕グランギニョル,4.750,False,False,月蝕グランギニョル,2003-11-05,r2005,5.0,3.0,5.0,4.0,5.0,8.0,4.0,5.0,6.0,7.0,4.0,6.0,4.0,2.0,3.0,,5.0,
108,未來のイヴ,10.750,False,False,月蝕グランギニョル,2003-11-05,r2005,9.0,7.0,12.0,14.0,19.0,12.0,11.0,13.0,13.0,8.0,8.0,10.0,8.0,16.0,4.0,,8.0,
109,MOTHER,192.462,False,False,Avenger O.S.T.,2003-12-03,r2005,,,,154.0,179.0,170.0,140.0,204.0,190.0,168.0,194.0,220.0,244.0,187.0,192.0,157.0,260.0,
110,繭,190.231,False,False,Avenger O.S.T.,2003-12-03,r2005,,,,121.0,117.0,188.0,164.0,188.0,179.0,168.0,173.0,253.0,225.0,187.0,250.0,152.0,260.0,
111,少女殉血,98.600,False,False,Avenger O.S.T.,2003-12-03,r2005,11.0,20.0,,42.0,56.0,54.0,89.0,123.0,181.0,112.0,204.0,189.0,174.0,27.0,126.0,4.0,71.0,
112,地獄の季節,22.438,False,False,Avenger O.S.T.,2003-12-03,r2005,6.0,9.0,11.0,13.0,21.0,22.0,37.0,29.0,32.0,17.0,28.0,23.0,25.0,31.0,29.0,,26.0,
113,étoiles,200.333,True,False,étoiles,2004-06-23,r2005,,,,168.0,185.0,195.0,214.0,223.0,217.0,,,,,,,,,
114,Je te veux,208.538,False,False,étoiles,2004-06-23,r2005,,,,125.0,157.0,169.0,192.0,223.0,204.0,218.0,223.0,209.0,244.0,237.0,250.0,166.0,260.0,
115,春葬,42.000,False,False,étoiles,2004-06-23,r2005,10.0,,,48.0,60.0,62.0,39.0,56.0,44.0,55.0,52.0,50.0,49.0,9.0,15.0,,39.0,
116,Après un rêve,219.538,False,False,étoiles,2004-06-23,r2005,,,,158.0,189.0,202.0,192.0,211.0,217.0,218.0,223.0,253.0,244.0,237.0,250.0,194.0,260.0,
117,Daphné,216.846,False,False,étoiles,2004-06-23,r2005,,,,185.0,199.0,226.0,214.0,223.0,217.0,189.0,223.0,234.0,244.0,219.0,186.0,190.0,260.0,
118,わが恋は月光に散りぬ,212.462,False,False,étoiles,2004-06-23,r2005,,,,158.0,212.0,150.0,171.0,198.0,217.0,218.0,223.0,243.0,225.0,237.0,250.0,184.0,260.0,
119,Diabolic Sequence,194.500,True,False,étoiles,2004-06-23,r2005,,,,187.0,189.0,221.0,192.0,188.0,190.0,,,,,,,,,
120,pastel pure,198.923,False,False,pastel pure,2004-08-25,r2005,,,,104.0,160.0,184.0,179.0,211.0,217.0,218.0,169.0,253.0,244.0,237.0,184.0,167.0,226.0,
121,禁じられた遊び,18.062,False,False,禁じられた遊び,2004-10-22,r2005,2.0,6.0,9.0,6.0,11.0,23.0,27.0,36.0,10.0,21.0,20.0,32.0,19.0,13.0,27.0,,27.0,
122,あたしがアリスだった頃,124.231,False,False,禁じられた遊び,2004-10-22,r2005,,,,31.0,47.0,119.0,67.0,78.0,155.0,109.0,132.0,121.0,170.0,237.0,148.0,34.0,201.0,
123,阿修羅姫,46.750,False,False,阿修羅姫,2005-06-08,r2005,3.0,10.0,14.0,11.0,25.0,29.0,41.0,42.0,73.0,136.0,79.0,94.0,48.0,48.0,28.0,,67.0,
124,君がため、惜しからざりし命さへ,145.385,False,False,阿修羅姫,2005-06-08,r2005,,,,32.0,87.0,96.0,93.0,106.0,127.0,218.0,223.0,192.0,160.0,237.0,160.0,55.0,159.0,
125,愛と誠,3.700,False,True,Dilettante,2005-06-22,r2005,4.0,5.0,8.0,5.0,6.0,4.0,2.0,1.0,1.0,1.0,,,,,,,,
126,人生美味礼讃,25.312,False,False,Dilettante,2005-06-22,r2005,18.0,8.0,15.0,12.0,10.0,21.0,28.0,22.0,26.0,23.0,48.0,17.0,61.0,40.0,36.0,,20.0,
127,肉体の悪魔,150.308,False,False,Dilettante,2005-06-22,r2005,,,,71.0,150.0,143.0,102.0,147.0,194.0,103.0,204.0,108.0,104.0,213.0,214.0,57.0,201.0,
128,緋紅的牡丹,74.769,False,False,Dilettante,2005-06-22,r2005,,,,67.0,82.0,85.0,52.0,73.0,109.0,98.0,111.0,110.0,66.0,19.0,54.0,,46.0,
129,ディレッタントの秘かな愉しみ,45.571,False,False,Dilettante,2005-06-22,r2005,20.0,,,33.0,42.0,60.0,62.0,66.0,46.0,30.0,57.0,66.0,47.0,45.0,31.0,,33.0,
130,昭和恋々幻燈館,62.692,False,False,Dilettante,2005-06-22,r2005,,,,37.0,41.0,63.0,67.0,56.0,52.0,75.0,95.0,51.0,69.0,41.0,51.0,,117.0,
131,密猟区,78.571,False,False,Dilettante,2005-06-22,r2005,,17.0,,34.0,44.0,56.0,58.0,78.0,60.0,123.0,146.0,70.0,101.0,86.0,131.0,1.0,96.0,
132,北京LOVERS,12.200,False,False,Dilettante,2005-06-22,r2005,,11.0,18.0,16.0,24.0,17.0,20.0,11.0,11.0,9.0,6.0,8.0,11.0,1.0,13.0,,7.0,
133,鎮魂頌,78.286,False,False,Dilettante,2005-06-22,r2005,,,19.0,30.0,68.0,57.0,44.0,65.0,65.0,64.0,113.0,119.0,70.0,65.0,221.0,41.0,96.0,
134,柔らかな肌,100.500,True,False,Dilettante,2005-06-22,r2005,,,,77.0,111.0,130.0,98.0,68.0,119.0,,,,,,,,,
135,聖少女領域,3.933,False,False,聖少女領域,2005-10-26,r2006#1,,4.0,4.0,1.0,2.0,7.0,6.0,3.0,5.0,2.0,3.0,3.0,3.0,10.0,2.0,,4.0,
136,S嬢の秘めやかな悔恨,171.846,False,False,聖少女領域,2005-10-26,r2006#1,,,,69.0,115.0,149.0,79.0,147.0,204.0,174.0,204.0,220.0,170.0,237.0,206.0,85.0,260.0,
137,Visconti Chic,189.000,True,False,神々の黄昏,2005-12-07,r2006#1,,,,158.0,176.0,215.0,164.0,204.0,217.0,,,,,,,,,
138,百合と夜鶯,108.615,False,False,神々の黄昏,2005-12-07,r2006#1,,,,55.0,45.0,78.0,89.0,78.0,98.0,129.0,121.0,65.0,160.0,127.0,175.0,21.0,192.0,
139,蜜薔薇庭園,186.154,False,False,神々の黄昏,2005-12-07,r2006#1,,,,102.0,129.0,145.0,155.0,158.0,204.0,180.0,223.0,215.0,216.0,219.0,214.0,130.0,260.0,
140,神の雪,117.923,False,False,神々の黄昏,2005-12-07,r2006#1,,,,73.0,144.0,117.0,118.0,143.0,102.0,117.0,86.0,117.0,131.0,104.0,89.0,,192.0,
141,Vanitas,205.833,True,False,神々の黄昏,2005-12-07,r2006#1,,,,187.0,208.0,208.0,192.0,223.0,217.0,,,,,,,,,
142,JE TE VEUX,205.900,False,False,神々の黄昏,2005-12-07,r2006#1,,,,,,,164.0,198.0,155.0,180.0,223.0,220.0,190.0,219.0,250.0,158.0,260.0,Érik Satie cover
143,亡國覚醒カタルシス,1.600,False,True,亡國覚醒カタルシス,2006-05-24,r2006#2,,,3.0,2.0,1.0,1.0,1.0,,,,,,,,,,,
144,水月鏡花,107.077,False,False,亡國覚醒カタルシス,2006-05-24,r2006#2,,,,62.0,98.0,64.0,70.0,97.0,86.0,150.0,126.0,99.0,98.0,158.0,154.0,42.0,130.0,
145,GOD DIVA,13.071,False,False,.hack//Roots O.S.T.,2006-06-28,r2006#2,,,7.0,7.0,3.0,6.0,9.0,10.0,29.0,15.0,45.0,14.0,7.0,14.0,7.0,,10.0,
146,In The World,155.769,False,False,.hack//Roots O.S.T.,2006-06-28,r2006#2,,,,83.0,113.0,140.0,140.0,135.0,145.0,116.0,115.0,191.0,188.0,219.0,214.0,103.0,226.0,
147,白堊病棟,74.615,False,False,.hack//Roots O.S.T.,2006-06-28,r2006#2,,,,45.0,75.0,59.0,74.0,77.0,134.0,81.0,103.0,43.0,65.0,41.0,95.0,,78.0,
148,殉教者の指,150.154,False,False,.hack//Roots O.S.T.,2006-06-28,r2006#2,,,,60.0,92.0,122.0,140.0,211.0,137.0,196.0,194.0,204.0,190.0,134.0,93.0,,179.0,
149,KING KNIGHT,20.286,False,False,.hack//Roots O.S.T. 2,2006-09-21,r2006#2,,,6.0,9.0,14.0,14.0,18.0,19.0,27.0,19.0,18.0,36.0,34.0,7.0,33.0,,30.0,
150,埋葬の森の黄昏坂,185.154,False,False,.hack//Roots O.S.T. 2,2006-09-21,r2006#2,,,,90.0,116.0,172.0,214.0,211.0,217.0,196.0,204.0,148.0,160.0,169.0,250.0,141.0,260.0,
151,汚れなき悪意,68.077,False,False,.hack//Roots O.S.T. 2,2006-09-21,r2006#2,,,,29.0,28.0,37.0,45.0,62.0,62.0,86.0,150.0,87.0,91.0,46.0,99.0,,63.0,
152,勇侠青春謳,15.857,False,False,勇侠青春謳,2006-10-25,r2006#2,,,1.0,3.0,4.0,10.0,8.0,7.0,28.0,20.0,24.0,24.0,24.0,18.0,39.0,,12.0,
153,ロマンス,180.800,True,False,Romance,2006-12-06,r2006#2,,,,130.0,199.0,208.0,179.0,188.0,,,,,,,,,,
154,La calèche ～春の雪,134.385,False,False,Romance,2006-12-06,r2006#2,,,,47.0,62.0,76.0,79.0,97.0,145.0,218.0,223.0,101.0,201.0,187.0,164.0,29.0,147.0,
155,L'oiseau bleu,202.769,False,False,Romance,2006-12-06,r2006#2,,,,141.0,118.0,201.0,171.0,198.0,217.0,218.0,223.0,243.0,225.0,237.0,221.0,141.0,223.0,
156,さいごの戀,189.923,False,False,Romance,2006-12-06,r2006#2,,,,91.0,179.0,161.0,179.0,204.0,194.0,196.0,156.0,238.0,153.0,237.0,221.0,159.0,260.0,
157,今宵、碧い森深く,26.154,False,False,Romance,2006-12-06,r2006#2,,,,23.0,23.0,27.0,30.0,20.0,38.0,32.0,32.0,30.0,27.0,29.0,16.0,,13.0,
158,薔薇獄乙女,34.429,False,False,薔薇獄乙女,2006-12-06,r2006#2,,,2.0,8.0,17.0,31.0,33.0,33.0,22.0,52.0,76.0,37.0,41.0,34.0,61.0,,35.0,
159,極楽荊姫,151.308,False,False,薔薇獄乙女,2006-12-06,r2006#2,,,,28.0,85.0,109.0,93.0,147.0,217.0,196.0,204.0,139.0,225.0,213.0,144.0,78.0,167.0,
160,春蚕,79.692,False,False,薔薇架刑,2007-04-04,r2007,,,,17.0,32.0,69.0,89.0,113.0,67.0,75.0,109.0,86.0,147.0,70.0,97.0,,65.0,
161,眠れる城,138.769,False,False,薔薇架刑,2007-04-04,r2007,,,,27.0,60.0,103.0,85.0,147.0,138.0,174.0,150.0,128.0,201.0,213.0,186.0,60.0,192.0,
162,名なしの森,120.615,False,False,薔薇架刑,2007-04-04,r2007,,,,20.0,52.0,88.0,74.0,84.0,91.0,123.0,121.0,139.0,156.0,219.0,175.0,47.0,226.0,
163,薔薇架刑,89.615,False,False,薔薇架刑,2007-04-04,r2007,,,,15.0,33.0,42.0,82.0,106.0,160.0,67.0,88.0,121.0,122.0,155.0,94.0,,80.0,
164,暗黒天国,73.583,False,False,暗黒天国,2007-05-23,r2008,,,,,18.0,20.0,25.0,51.0,83.0,147.0,49.0,59.0,32.0,53.0,86.0,,73.0,
165,桃色天国,167.500,False,False,暗黒天国,2007-05-23,r2008,,,,,64.0,104.0,140.0,128.0,194.0,189.0,173.0,154.0,216.0,138.0,250.0,141.0,260.0,
166,跪いて足をお嘗め,35.417,False,False,跪いて足をお嘗め,2007-06-13,r2008,,,,,9.0,16.0,14.0,26.0,41.0,57.0,59.0,56.0,30.0,49.0,30.0,,38.0,
167,最愛なる魔王さま,156.333,False,False,跪いて足をお嘗め,2007-06-13,r2008,,,,,57.0,84.0,82.0,123.0,217.0,153.0,180.0,175.0,244.0,237.0,200.0,25.0,124.0,
168,青嵐血風録,17.833,False,False,Psychedelic Insanity,2007-08-22,r2008,,,,,13.0,15.0,16.0,14.0,21.0,14.0,15.0,28.0,36.0,6.0,17.0,,19.0,
169,暗黒サイケデリック,25.917,False,False,Psychedelic Insanity,2007-08-22,r2008,,,,,16.0,18.0,19.0,25.0,14.0,24.0,22.0,22.0,28.0,88.0,19.0,,16.0,
170,CYBER DEVILS,144.083,False,False,Psychedelic Insanity,2007-08-22,r2008,,,,,45.0,66.0,104.0,117.0,160.0,218.0,204.0,167.0,158.0,159.0,105.0,79.0,226.0,
171,胡蝶夢心中,25.583,False,False,Psychedelic Insanity,2007-08-22,r2008,,,,,34.0,51.0,42.0,17.0,25.0,27.0,9.0,20.0,9.0,12.0,18.0,,43.0,
172,纏われし者ら,178.833,False,False,Psychedelic Insanity,2007-08-22,r2008,,,,,94.0,128.0,135.0,169.0,178.0,174.0,180.0,195.0,180.0,237.0,250.0,169.0,226.0,
173,欲望,43.500,False,False,Psychedelic Insanity,2007-08-22,r2008,,,,,35.0,50.0,52.0,58.0,43.0,47.0,34.0,11.0,22.0,38.0,82.0,,50.0,
174,暴夜layla幻談,42.333,False,False,Psychedelic Insanity,2007-08-22,r2008,,,,,15.0,28.0,37.0,34.0,75.0,69.0,41.0,40.0,35.0,56.0,37.0,,41.0,
175,六道輪廻サバイバル,80.000,False,False,Psychedelic Insanity,2007-08-22,r2008,,,,,12.0,30.0,42.0,39.0,63.0,98.0,105.0,83.0,64.0,65.0,99.0,,94.0,
176,若い死者からのレクイエム,152.417,False,False,Psychedelic Insanity,2007-08-22,r2008,,,,,69.0,131.0,93.0,155.0,151.0,155.0,164.0,135.0,174.0,141.0,250.0,103.0,211.0,
177,gai désespoir,213.000,True,False,Psychedelic Insanity,2007-08-22,r2008,,,,,185.0,226.0,214.0,223.0,217.0,,,,,,,,,
178,王的血族,73.167,False,False,Sympathy for the Belonephobia 怪物王女O.S.T.,2007-10-03,r2008,,,,,20.0,33.0,23.0,53.0,80.0,59.0,82.0,91.0,160.0,112.0,91.0,,74.0,
179,逢魔ヶ恋,36.417,False,False,Sympathy for the Belonephobia 怪物王女O.S.T.,2007-10-03,r2008,,,,,36.0,70.0,47.0,48.0,16.0,66.0,30.0,2.0,21.0,36.0,25.0,,40.0,
180,Nocturnal,222.750,False,False,Grand Finale,2007-12-12,r2008,,,,,154.0,202.0,192.0,223.0,217.0,218.0,223.0,253.0,244.0,237.0,250.0,194.0,260.0,Chopin cover
181,コトダマ,62.083,False,False,コトダマ,2008-01-23,r2008,,,,,8.0,32.0,35.0,38.0,53.0,51.0,62.0,44.0,56.0,72.0,83.0,,211.0,
182,コヒブミ,163.417,False,False,コトダマ,2008-01-23,r2008,,,,,73.0,147.0,140.0,158.0,127.0,147.0,80.0,234.0,201.0,237.0,201.0,88.0,216.0,
183,わが﨟たし悪の華,20.455,False,False,わが臈たし悪の華,2008-07-30,r2009,,,,,,2.0,3.0,6.0,9.0,22.0,53.0,26.0,31.0,29.0,21.0,,23.0,
184,麤皮,131.273,False,False,わが臈たし悪の華,2008-07-30,r2009,,,,,,25.0,56.0,68.0,110.0,120.0,164.0,195.0,160.0,176.0,214.0,54.0,156.0,
185,神風,37.000,False,False,禁書,2008-08-27,r2009,,,,,,13.0,21.0,14.0,24.0,16.0,27.0,39.0,44.0,24.0,40.0,,145.0,
186,黙示録前戯,100.545,False,False,禁書,2008-08-27,r2009,,,,,,19.0,34.0,64.0,97.0,189.0,65.0,120.0,111.0,130.0,152.0,10.0,125.0,
187,ヘテロ失楽園,82.636,False,False,禁書,2008-08-27,r2009,,,,,,24.0,60.0,60.0,90.0,85.0,116.0,77.0,76.0,107.0,113.0,18.0,101.0,
188,眠れる豹,137.909,False,False,禁書,2008-08-27,r2009,,,,,,92.0,140.0,109.0,160.0,168.0,95.0,137.0,190.0,113.0,154.0,126.0,159.0,
189,血の断章,153.727,False,False,禁書,2008-08-27,r2009,,,,,,105.0,118.0,175.0,169.0,93.0,95.0,152.0,190.0,161.0,173.0,73.0,260.0,
190,禁書,78.091,False,False,禁書,2008-08-27,r2009,,,,,,26.0,48.0,63.0,74.0,105.0,63.0,194.0,62.0,89.0,75.0,,60.0,
191,雪華懺悔心中,5.545,False,False,禁書,2008-08-27,r2009,,,,,,3.0,5.0,4.0,4.0,10.0,7.0,4.0,5.0,5.0,5.0,,9.0,
192,薨,172.000,False,False,禁書,2008-08-27,r2009,,,,,,112.0,118.0,155.0,132.0,196.0,180.0,162.0,225.0,237.0,209.0,71.0,166.0,
193,小さき者への贖罪のためのアリア,188.545,False,False,禁書,2008-08-27,r2009,,,,,,138.0,135.0,147.0,194.0,189.0,194.0,213.0,180.0,237.0,221.0,114.0,226.0,
194,Sonata of Ember Glance,220.000,True,False,禁書,2008-08-27,r2009,,,,,,226.0,214.0,223.0,217.0,,,,,,,,,
195,鬼帝の剣,58.909,False,False,鬼帝の剣,2008-11-19,r2009,,,,,,5.0,32.0,30.0,56.0,72.0,56.0,102.0,90.0,57.0,23.0,,125.0,
196,亡骸の女,90.545,False,False,鬼帝の剣,2008-11-19,r2009,,,,,,47.0,67.0,87.0,147.0,112.0,72.0,152.0,96.0,73.0,50.0,,93.0,
197,桂冠詩人,159.364,False,False,桂冠詩人 SINGLE COLLECTION PLUS,2008-12-10,r2009,,,,,,45.0,118.0,135.0,181.0,142.0,126.0,169.0,212.0,237.0,209.0,102.0,179.0,
198,裸々イヴ新世紀,92.727,False,False,裸々イヴ新世紀,2009-01-21,r2009,,,,,,9.0,29.0,45.0,82.0,86.0,83.0,175.0,147.0,99.0,124.0,6.0,141.0,
199,騎士乙女,157.545,False,False,裸々イヴ新世紀,2009-01-21,r2009,,,,,,41.0,73.0,68.0,194.0,127.0,117.0,212.0,244.0,176.0,221.0,91.0,260.0,
200,地獄の門,85.500,False,False,地獄之門,2009-05-27,r2010,,,,,,,15.0,34.0,58.0,83.0,71.0,95.0,147.0,50.0,42.0,,65.0,
201,吾君想う故に吾在り生き霊となりて,153.000,False,False,地獄之門,2009-05-27,r2010,,,,,,,70.0,128.0,155.0,146.0,156.0,175.0,201.0,169.0,104.0,65.0,226.0,
202,戦慄の子供たち,95.300,False,False,戦慄の子供たち,2009-08-19,r2010,,,,,,,25.0,81.0,55.0,58.0,156.0,79.0,101.0,82.0,115.0,59.0,201.0,
203,Hell's Maria,146.300,False,False,戦慄の子供たち,2009-08-19,r2010,,,,,,,109.0,113.0,133.0,129.0,150.0,179.0,160.0,176.0,122.0,97.0,192.0,
204,Poisoner,60.900,False,False,Poison,2009-08-26,r2010,,,,,,,10.0,22.0,37.0,41.0,31.0,100.0,89.0,99.0,97.0,,83.0,
205,処女懐胎、あるいは白骨塔より少女達は飛翔する,58.600,False,False,Poison,2009-08-26,r2010,,,,,,,17.0,31.0,19.0,34.0,26.0,71.0,109.0,58.0,70.0,,151.0,
206,お毒味LADY,73.200,False,False,Poison,2009-08-26,r2010,,,,,,,13.0,18.0,42.0,61.0,51.0,76.0,93.0,146.0,131.0,30.0,101.0,
207,阿芙蓉寝台,55.900,False,False,Poison,2009-08-26,r2010,,,,,,,24.0,24.0,51.0,40.0,55.0,46.0,82.0,54.0,112.0,3.0,71.0,
208,極色一代女,75.800,False,False,Poison,2009-08-26,r2010,,,,,,,22.0,31.0,59.0,108.0,60.0,75.0,95.0,113.0,106.0,14.0,89.0,
209,Animals on the Earth,114.500,False,False,Poison,2009-08-26,r2010,,,,,,,35.0,45.0,76.0,142.0,94.0,148.0,109.0,95.0,175.0,50.0,226.0,
210,上海繚乱ロマンチカ,84.800,False,False,Poison,2009-08-26,r2010,,,,,,,31.0,37.0,79.0,86.0,150.0,55.0,108.0,77.0,84.0,,141.0,
211,世紀末ゲネシス,198.100,False,False,Poison,2009-08-26,r2010,,,,,,,140.0,135.0,149.0,196.0,223.0,238.0,216.0,237.0,221.0,154.0,226.0,
212,この國の向こうに,158.700,False,False,Poison,2009-08-26,r2010,,,,,,,62.0,73.0,92.0,174.0,188.0,231.0,216.0,99.0,192.0,115.0,260.0,
213,discipline,214.000,True,False,Poison,2009-08-26,r2010,,,,,,,214.0,211.0,217.0,,,,,,,,,
214,輪廻闇妖散華,164.600,False,False,ZONE-00 イメージアルバム「響」,2009-10-07,r2010,,,,,,,51.0,117.0,169.0,196.0,156.0,158.0,201.0,176.0,221.0,108.0,201.0,
215,堕天國宣戦,66.100,False,False,堕天國宣戦,2009-10-21,r2010,,,,,,,7.0,14.0,23.0,28.0,85.0,84.0,73.0,87.0,138.0,11.0,122.0,
216,寶島,209.000,False,False,堕天國宣戦,2009-10-21,r2010,,,,,,,109.0,147.0,171.0,196.0,223.0,253.0,244.0,237.0,250.0,191.0,260.0,
217,月光オペラの天鵞絨の緞帳は上がり,200.400,False,False,Gothic Opera,2010-03-17,r2010,,,,,,,65.0,143.0,204.0,218.0,194.0,253.0,244.0,202.0,221.0,169.0,260.0,
218,恋の翼は真珠色の骨を持ち,208.700,False,False,Gothic Opera,2010-03-17,r2010,,,,,,,155.0,188.0,217.0,180.0,204.0,253.0,216.0,237.0,221.0,117.0,216.0,
219,私の心は語る薔薇の御胸を葩の御身を,192.900,False,False,Gothic Opera,2010-03-17,r2010,,,,,,,98.0,117.0,204.0,161.0,190.0,215.0,244.0,219.0,221.0,162.0,260.0,
220,エルフの娘は地上に降り,153.900,False,False,Gothic Opera,2010-03-17,r2010,,,,,,,64.0,92.0,160.0,218.0,173.0,204.0,138.0,151.0,190.0,118.0,149.0,
221,百合の日々は追憶の中に潜み薫る,150.400,False,False,Gothic Opera,2010-03-17,r2010,,,,,,,56.0,113.0,159.0,180.0,121.0,87.0,190.0,202.0,170.0,169.0,226.0,
222,Gothic Opera,183.000,True,False,Gothic Opera,2010-03-17,r2010,,,,,,,128.0,204.0,217.0,,,,,,,,,
223,Adieu,201.900,False,False,Gothic Opera,2010-03-17,r2010,,,,,,,135.0,188.0,204.0,180.0,147.0,243.0,244.0,237.0,181.0,184.0,260.0,
224,亂世エロイカ,77.556,False,False,亂世エロイカ,2010-07-14,r2011,,,,,,,,9.0,40.0,62.0,67.0,104.0,111.0,92.0,80.0,,133.0,
225,腕 kaina,131.000,False,False,亂世エロイカ,2010-07-14,r2011,,,,,,,,50.0,78.0,218.0,65.0,179.0,136.0,141.0,146.0,70.0,166.0,
226,刀と鞘,46.556,False,False,刀と鞘,2010-08-25,r2011,,,,,,,,2.0,17.0,42.0,61.0,54.0,68.0,80.0,67.0,,28.0,
227,灰桜,201.000,False,False,刀と鞘,2010-08-25,r2011,,,,,,,,158.0,185.0,180.0,204.0,234.0,225.0,176.0,221.0,111.0,226.0,
228,絶國TEMPEST,160.778,False,False,汎新日本主義,2010-09-26,r2011,,,,,,,,53.0,69.0,90.0,204.0,220.0,244.0,187.0,221.0,106.0,159.0,
229,髑髏ヶ城の巫女達は永久に現世の夢を見る,213.667,False,False,汎新日本主義,2010-09-26,r2011,,,,,,,,131.0,181.0,161.0,223.0,243.0,244.0,237.0,243.0,109.0,260.0,
230,平成日本残酷物語,88.222,False,False,汎新日本主義,2010-09-26,r2011,,,,,,,,21.0,66.0,96.0,74.0,92.0,77.0,105.0,126.0,39.0,137.0,
231,巴里と画家と女,209.889,False,False,汎新日本主義,2010-09-26,r2011,,,,,,,,175.0,160.0,196.0,223.0,253.0,201.0,237.0,221.0,184.0,223.0,
232,SENGOKU GIRL,192.333,False,False,汎新日本主義,2010-09-26,r2011,,,,,,,,68.0,115.0,196.0,164.0,215.0,244.0,219.0,250.0,162.0,260.0,
233,帝都乙女決死隊,189.889,False,False,汎新日本主義,2010-09-26,r2011,,,,,,,,53.0,217.0,153.0,173.0,156.0,244.0,237.0,250.0,89.0,226.0,
234,四神獣飼殺し,123.333,False,False,汎新日本主義,2010-09-26,r2011,,,,,,,,27.0,71.0,98.0,81.0,220.0,122.0,187.0,115.0,132.0,189.0,
235,鹿鳴館ブギウギ,98.889,False,False,汎新日本主義,2010-09-26,r2011,,,,,,,,39.0,48.0,111.0,73.0,96.0,150.0,110.0,126.0,19.0,137.0,
236,東方憧憬未見聞録,146.444,False,False,汎新日本主義,2010-09-26,r2011,,,,,,,,45.0,85.0,89.0,172.0,198.0,135.0,219.0,174.0,58.0,201.0,
237,平和の因子,225.778,False,False,汎新日本主義,2010-09-26,r2011,,,,,,,,188.0,181.0,196.0,223.0,253.0,244.0,237.0,250.0,191.0,260.0,
238,この國よ静かに目覚めたまえ,167.000,True,False,汎新日本主義,2010-09-26,r2011,,,,,,,,117.0,217.0,,,,,,,,,
239,雪ノ女,219.556,False,False,刀語 歌曲集 其ノ壱,2011-03-02,r2011,,,,,,,,131.0,204.0,218.0,223.0,253.0,244.0,237.0,250.0,137.0,216.0,
240,Troubadour,89.889,False,False,QUEENDOM,2011-05-25,r2011,,,,,,,,8.0,34.0,84.0,50.0,139.0,106.0,123.0,154.0,13.0,111.0,
241,亡き王女のための…,224.889,False,False,QUEENDOM,2011-05-25,r2011,,,,,,,,135.0,204.0,218.0,223.0,253.0,244.0,237.0,250.0,191.0,260.0,
242,秘密の花薗,201.333,False,False,Les Papillons,2011-06-29,r2011,,,,,,,,106.0,204.0,196.0,180.0,253.0,216.0,176.0,221.0,141.0,260.0,
243,天体瑠璃星万華鏡,209.111,False,False,Les Papillons,2011-06-29,r2011,,,,,,,,117.0,194.0,196.0,223.0,243.0,225.0,237.0,221.0,169.0,226.0,
244,修羅と蝶,142.111,False,False,Les Papillons,2011-06-29,r2011,,,,,,,,123.0,110.0,134.0,142.0,138.0,174.0,123.0,181.0,94.0,154.0,
245,眼帯兎と包帯羊のMärchen,189.889,False,False,Les Papillons,2011-06-29,r2011,,,,,,,,91.0,217.0,117.0,139.0,183.0,244.0,237.0,221.0,140.0,260.0,
246,パピヨン輪廻,187.778,False,False,Les Papillons,2011-06-29,r2011,,,,,,,,81.0,105.0,174.0,223.0,253.0,225.0,169.0,200.0,106.0,260.0,
247,逢魔蛾城の伯爵,192.222,False,False,Les Papillons,2011-06-29,r2011,,,,,,,,123.0,158.0,145.0,142.0,234.0,244.0,237.0,221.0,181.0,226.0,
248,革命の血脈,179.111,False,False,Les Papillons,2011-06-29,r2011,,,,,,,,73.0,108.0,165.0,142.0,215.0,225.0,237.0,221.0,138.0,226.0,
249,君の名を,224.444,False,False,Les Papillons,2011-06-29,r2011,,,,,,,,175.0,217.0,218.0,223.0,231.0,244.0,202.0,250.0,184.0,260.0,
250,Les Papillons,206.000,True,False,Les Papillons,2011-06-29,r2011,,,,,,,,223.0,189.0,,,,,,,,,
251,凶夢伝染,13.000,False,False,凶夢伝染,2012-01-25,r2012,,,,,,,,,2.0,11.0,11.0,15.0,23.0,11.0,14.0,,17.0,
252,夜見のたそがれの、うつろなる蒼き瞳の。,123.875,False,False,凶夢伝染,2012-01-25,r2012,,,,,,,,,84.0,70.0,99.0,158.0,142.0,73.0,154.0,51.0,211.0,
253,胎内ヒトガタ遊戯,176.375,False,False,凶夢伝染,2012-01-25,r2012,,,,,,,,,98.0,161.0,180.0,125.0,152.0,219.0,250.0,134.0,226.0,
254,贋作師,59.875,False,False,贋作師,2012-07-18,r2012,,,,,,,,,3.0,26.0,16.0,90.0,119.0,39.0,138.0,23.0,48.0,
255,ALICE同罪イノセント,77.000,False,False,贋作師,2012-07-18,r2012,,,,,,,,,8.0,35.0,47.0,77.0,170.0,97.0,119.0,15.0,63.0,
256,蓮華幽恋,132.125,False,False,贋作師,2012-07-18,r2012,,,,,,,,,61.0,97.0,138.0,179.0,141.0,113.0,154.0,48.0,174.0,
257,真偽贋物遊覧会,119.000,False,False,贋作師,2012-07-18,r2012,,,,,,,,,20.0,49.0,42.0,127.0,125.0,219.0,144.0,105.0,226.0,
258,La vérité,92.000,False,False,贋作師,2012-07-18,r2012,,,,,,,,,15.0,60.0,89.0,85.0,118.0,167.0,90.0,,112.0,
259,野性双生児,174.750,False,False,贋作師,2012-07-18,r2012,,,,,,,,,54.0,155.0,155.0,183.0,216.0,237.0,221.0,95.0,177.0,
260,逝ける王女の肖像画,152.125,False,False,贋作師,2012-07-18,r2012,,,,,,,,,116.0,158.0,134.0,183.0,225.0,98.0,154.0,77.0,149.0,
261,真夏の憂愁夫人,44.125,False,False,贋作師,2012-07-18,r2012,,,,,,,,,39.0,56.0,29.0,9.0,33.0,37.0,49.0,,101.0,
262,天譴と超克,121.500,False,False,贋作師,2012-07-18,r2012,,,,,,,,,31.0,79.0,68.0,154.0,146.0,127.0,250.0,56.0,117.0,
263,RED WALTZ,39.750,False,False,贋作師,2012-07-18,r2012,,,,,,,,,12.0,36.0,19.0,96.0,40.0,22.0,46.0,,47.0,
264,快恠奇奇,58.857,False,False,"快恠奇奇 ALI PROJECT Ventennale Music, Art Exhibition",2013-02-20,r2013,,,,,,,,,,13.0,33.0,53.0,42.0,68.0,52.0,,151.0,
265,私の薔薇を喰みなさい,61.571,False,False,私の薔薇を喰みなさい,2013-07-24,r2013,,,,,,,,,,5.0,39.0,129.0,53.0,62.0,60.0,,83.0,
266,Fräulein Rose,189.429,False,False,私の薔薇を喰みなさい,2013-07-24,r2013,,,,,,,,,,80.0,180.0,243.0,225.0,219.0,190.0,46.0,189.0,
267,乙女の贖い,133.286,False,False,私の薔薇を喰みなさい,2013-07-24,r2013,,,,,,,,,,53.0,92.0,48.0,150.0,161.0,250.0,80.0,179.0,
268,令嬢薔薇図鑑,51.571,False,False,令嬢薔薇図鑑,2013-09-11,r2013,,,,,,,,,,6.0,35.0,57.0,77.0,25.0,44.0,,117.0,
269,ローズ家の双子達,45.286,False,False,令嬢薔薇図鑑,2013-09-11,r2013,,,,,,,,,,3.0,12.0,47.0,45.0,26.0,78.0,,106.0,
270,隼の白バラ,134.429,False,False,令嬢薔薇図鑑,2013-09-11,r2013,,,,,,,,,,44.0,117.0,175.0,119.0,111.0,250.0,32.0,125.0,
271,薔薇娼館,91.143,False,False,令嬢薔薇図鑑,2013-09-11,r2013,,,,,,,,,,29.0,99.0,48.0,75.0,95.0,175.0,17.0,117.0,
272,朗読する女中と小さな令嬢,194.286,False,False,令嬢薔薇図鑑,2013-09-11,r2013,,,,,,,,,,150.0,147.0,243.0,225.0,213.0,122.0,87.0,260.0,
273,少女と水蜜桃,48.571,False,False,令嬢薔薇図鑑,2013-09-11,r2013,,,,,,,,,,31.0,23.0,52.0,46.0,28.0,70.0,,90.0,
274,黒百合隠密カゲキダン,60.429,False,False,令嬢薔薇図鑑,2013-09-11,r2013,,,,,,,,,,4.0,10.0,42.0,63.0,103.0,85.0,,116.0,
275,南無地獄大菩薩,173.571,False,False,令嬢薔薇図鑑,2013-09-11,r2013,,,,,,,,,,63.0,68.0,220.0,212.0,237.0,214.0,120.0,201.0,
276,見ぬ友へ,104.143,False,False,令嬢薔薇図鑑,2013-09-11,r2013,,,,,,,,,,38.0,117.0,41.0,60.0,134.0,138.0,36.0,201.0,
277,いにしへひとの言葉,,True,False,令嬢薔薇図鑑,2013-09-11,r2013,,,,,,,,,,,,,,,,,,
278,Dignity of the Orient,,True,False,絶対音楽,2014-03-05,r2013,,,,,,,,,,,,,,,,,,
279,リュウコウセカイ,1.000,False,True,流行世界,2014-08-27,r2014,,,,,,,,,,,1.0,1.0,1.0,,,,,
280,茸狂乱美味礼讃,84.667,False,False,流行世界,2014-08-27,r2014,,,,,,,,,,,5.0,118.0,92.0,130.0,107.0,12.0,56.0,
281,PANDEMIC,115.333,False,False,流行世界,2014-08-27,r2014,,,,,,,,,,,20.0,109.0,125.0,219.0,109.0,20.0,110.0,
282,Lolicate,6.833,False,False,流行世界,2014-08-27,r2014,,,,,,,,,,,2.0,13.0,12.0,3.0,8.0,,3.0,
283,赤い蝋燭と金魚,94.000,False,False,流行世界,2014-08-27,r2014,,,,,,,,,,,17.0,61.0,98.0,117.0,92.0,,179.0,
284,Femme Fatale,125.000,False,False,流行世界,2014-08-27,r2014,,,,,,,,,,,37.0,73.0,119.0,141.0,154.0,81.0,226.0,
285,海賊皇女,172.167,False,False,流行世界,2014-08-27,r2014,,,,,,,,,,,43.0,146.0,225.0,187.0,206.0,154.0,226.0,
286,静謐なる私小説,147.833,False,False,流行世界,2014-08-27,r2014,,,,,,,,,,,36.0,172.0,144.0,202.0,154.0,74.0,179.0,
287,形而上的な、蝶になる,100.500,False,False,流行世界,2014-08-27,r2014,,,,,,,,,,,13.0,67.0,138.0,141.0,74.0,,170.0,
288,極楽鳥花,,True,False,流行世界,2014-08-27,r2014,,,,,,,,,,,,,,,,,,
289,極楽鳥歌,144.400,False,False,流行世界,2014-08-27,r2014,,,,,,,,,,,,121.0,117.0,125.0,133.0,98.0,226.0,
290,遊蝶花ワルツ,197.800,False,False,Violetta Operetta,2015-01-21,r2015,,,,,,,,,,,,170.0,170.0,202.0,221.0,177.0,226.0,
291,恋は芸術気質,199.600,False,False,Violetta Operetta,2015-01-21,r2015,,,,,,,,,,,,151.0,134.0,237.0,250.0,119.0,226.0,
292,修道院の廃庭にて,173.600,False,False,Violetta Operetta,2015-01-21,r2015,,,,,,,,,,,,167.0,225.0,161.0,214.0,83.0,101.0,
293,L’Amour Looks Something Like You,65.000,False,False,Violetta Operetta,2015-01-21,r2015,,,,,,,,,,,,29.0,70.0,77.0,88.0,,61.0,Kate Bush cover
294,すみれの花咲くころ,229.200,False,False,Violetta Operetta,2015-01-21,r2015,,,,,,,,,,,,220.0,214.0,202.0,250.0,174.0,260.0,Franz Doelle cover
295,Tico Tico no Fubá,86.200,False,False,Violetta Operetta,2015-01-21,r2015,,,,,,,,,,,,21.0,50.0,61.0,120.0,40.0,179.0,Zequinha cover
296,小夜すみれ ～ある夜の森の小さなお話,211.600,False,False,Violetta Operetta,2015-01-21,r2015,,,,,,,,,,,,195.0,153.0,237.0,250.0,194.0,223.0,JohannStrauss cover
297,Das Veilchen,213.600,False,False,Violetta Operetta,2015-01-21,r2015,,,,,,,,,,,,158.0,225.0,175.0,250.0,122.0,260.0,Mozart cover
298,星菫,,True,False,Violetta Operetta,2015-01-21,r2015,,,,,,,,,,,,,,,,,,
299,陸と海と空と,75.000,False,False,快楽のススメ,2015-09-09,r2015,,,,,,,,,,,,18.0,56.0,75.0,114.0,53.0,112.0,
300,異端者たちの悦楽,75.200,False,False,快楽のススメ,2015-09-09,r2015,,,,,,,,,,,,5.0,53.0,139.0,126.0,43.0,53.0,
301,快楽のススメ,95.800,False,False,快楽のススメ,2015-09-09,r2015,,,,,,,,,,,,7.0,26.0,161.0,170.0,36.0,115.0,
302,放蕩娘と無慈悲な遊戯,48.800,False,False,快楽のススメ,2015-09-09,r2015,,,,,,,,,,,,19.0,43.0,60.0,63.0,,59.0,
303,わたしは慾望という名の處女,193.600,False,False,快楽のススメ,2015-09-09,r2015,,,,,,,,,,,,106.0,225.0,237.0,221.0,184.0,179.0,
304,禁忌 TABOO,114.400,False,False,快楽のススメ,2015-09-09,r2015,,,,,,,,,,,,27.0,84.0,118.0,142.0,68.0,201.0,
305,狩猟令嬢ジビエ日誌,126.200,False,False,快楽のススメ,2015-09-09,r2015,,,,,,,,,,,,63.0,103.0,75.0,164.0,124.0,226.0,
306,アタラクシア、そして対峙する自己,159.400,False,False,快楽のススメ,2015-09-09,r2015,,,,,,,,,,,,64.0,167.0,169.0,186.0,141.0,211.0,
307,BAR酔芙蓉へどうぞ,145.000,False,False,快楽のススメ,2015-09-09,r2015,,,,,,,,,,,,104.0,167.0,161.0,101.0,69.0,192.0,
308,Golden Slumber Kiss Your Eyes,,True,False,快楽のススメ,2015-09-09,r2015,,,,,,,,,,,,,,,,,,
309,緋ノ糸輪廻ノGEMINI,104.600,False,False,快楽のススメ,2015-09-09,r2015,,,,,,,,,,,,33.0,97.0,80.0,147.0,122.0,166.0,
310,波羅蜜蓮華,113.600,False,False,波羅蜜蓮華,2015-10-21,r2015,,,,,,,,,,,,12.0,70.0,90.0,170.0,141.0,226.0,
311,魂ノ代,232.400,False,False,波羅蜜蓮華,2015-10-21,r2015,,,,,,,,,,,,171.0,244.0,237.0,250.0,194.0,260.0,
312,永久戒厳令,127.000,False,False,A級戒厳令,2016-08-24,r2016,,,,,,,,,,,,,38.0,92.0,152.0,31.0,226.0,
313,異種革命,75.500,False,False,A級戒厳令,2016-08-24,r2016,,,,,,,,,,,,,13.0,64.0,138.0,52.0,87.0,
314,薔薇美と百合寧の不思議なホテル,71.750,False,False,A級戒厳令,2016-08-24,r2016,,,,,,,,,,,,,20.0,90.0,96.0,,81.0,
315,絶叫哲学,57.500,False,False,A級戒厳令,2016-08-24,r2016,,,,,,,,,,,,,10.0,69.0,81.0,,70.0,
316,最後の美術館,165.750,False,False,A級戒厳令,2016-08-24,r2016,,,,,,,,,,,,,111.0,134.0,192.0,90.0,226.0,
317,昭和B級下手喰い道,60.250,False,False,A級戒厳令,2016-08-24,r2016,,,,,,,,,,,,,6.0,43.0,55.0,,137.0,
318,女化生舞楽図,67.000,False,False,A級戒厳令,2016-08-24,r2016,,,,,,,,,,,,,17.0,47.0,63.0,,141.0,
319,まだら恋椿外道,10.250,False,False,A級戒厳令,2016-08-24,r2016,,,,,,,,,,,,,2.0,8.0,9.0,,22.0,
320,悪しき進化,26.500,False,False,A級戒厳令,2016-08-24,r2016,,,,,,,,,,,,,15.0,35.0,22.0,,34.0,
321,泣き虫派ダリ,,True,False,A級戒厳令,2016-08-24,r2016,,,,,,,,,,,,,,,,,,
322,卑弥呼外伝,11.333,False,False,卑弥呼外伝,2017-03-29,r2017,,,,,,,,,,,,,,4.0,12.0,,18.0,
323,Royal Academy of Gothic Lolita,89.333,False,False,血と蜜 ～Anthology of Gothic Lolita＆Horror,2017-06-21,r2017,,,,,,,,,,,,,,17.0,77.0,,174.0,
324,少女蜜葬 ～Le sang et le miel,63.667,False,False,血と蜜 ～Anthology of Gothic Lolita＆Horror,2017-06-21,r2017,,,,,,,,,,,,,,21.0,76.0,,94.0,
325,花と龍,100.667,False,False,愛と誠 ～YAMATO＆LOVE×××,2017-09-27,r2017,,,,,,,,,,,,,,23.0,87.0,,192.0,
326,芸術変態論,3.500,False,False,芸術変態論,2018-07-25,r2018,,,,,,,,,,,,,,,1.0,,6.0,
327,Taolor Tの変身譚,91.500,False,False,芸術変態論,2018-07-25,r2018,,,,,,,,,,,,,,,47.0,,136.0,
328,ヤマトイズム,98.000,False,False,芸術変態論,2018-07-25,r2018,,,,,,,,,,,,,,,26.0,,170.0,
329,少女昆蟲記,44.500,False,False,芸術変態論,2018-07-25,r2018,,,,,,,,,,,,,,,38.0,,51.0,
330,眼球ロマン,138.500,False,False,芸術変態論,2018-07-25,r2018,,,,,,,,,,,,,,,107.0,67.0,170.0,
331,青空,15.000,False,False,芸術変態論,2018-07-25,r2018,,,,,,,,,,,,,,,6.0,,24.0,
332,極まれリ,48.000,False,False,芸術変態論,2018-07-25,r2018,,,,,,,,,,,,,,,10.0,,86.0,
333,或る修道士の告解,26.000,False,False,芸術変態論,2018-07-25,r2018,,,,,,,,,,,,,,,20.0,,32.0,
334,タンゴ ダタ,84.000,False,False,芸術変態論,2018-07-25,r2018,,,,,,,,,,,,,,,35.0,,133.0,
335,Freak Out,,True,False,芸術変態論,2018-07-25,r2018,,,,,,,,,,,,,,,,,,
336,魅惑劇,18.000,False,False,芸術変態論,2018-07-25,r2018,,,,,,,,,,,,,,,11.0,,25.0,
337,美しき獣たちの為の,68.000,False,False,『コードギアス 復活のルルーシュ』オリジナルサウンドトラック,2019-02-13,r2019,,,,,,,,,,,,,,,,,68.0,
338,BArADiPArADicA,1.000,False,False,Fantasia,2019-08-28,r2019,,,,,,,,,,,,,,,,,1.0,
339,21世紀新青年,15.000,False,False,Fantasia,2019-08-28,r2019,,,,,,,,,,,,,,,,,15.0,
340,リアル×ファンタジー,14.000,False,False,Fantasia,2019-08-28,r2019,,,,,,,,,,,,,,,,,14.0,
341,Maison de Bonbonnière,21.000,False,False,Fantasia,2019-08-28,r2019,,,,,,,,,,,,,,,,,21.0,
342,月下、緑雨幻想,260.000,False,False,Fantasia,2019-08-28,r2019,,,,,,,,,,,,,,,,,140.0,
343,自由戀愛,2.000,False,False,Fantasia,2019-08-28,r2019,,,,,,,,,,,,,,,,,2.0,
344,少女のための残酷童話,11.000,False,False,Fantasia,2019-08-28,r2019,,,,,,,,,,,,,,,,,11.0,
345,恐怖の頭脳改革,61.000,False,False,Fantasia,2019-08-28,r2019,,,,,,,,,,,,,,,,,61.0,
346,地球で,99.000,False,False,Fantasia,2019-08-28,r2019,,,,,,,,,,,,,,,,,99.0,
347,ゆりかご,,True,False,Fantasia,2019-08-28,r2019,,,,,,,,,,,,,,,,,,
348,WALTZ FOR DEBBY,55.000,False,False,Fantasia,2019-08-28,r2019,,,,,,,,,,,,,,,,,55.0,Bill Evans cover
